brand,model,weight_g,ram_gb,front_camera_mp,back_camera_mp,Processor,battery_capacity_mah,screen_size_inches,launched_price_rs,launched_year,storage_gb
Apple,iPhone 16,174,6,12,48,A17 Bionic,3600,6.1,79999,2024,128
Apple,iPhone 16,174,6,12,48,A17 Bionic,3600,6.1,84999,2024,256
Apple,iPhone 16,174,6,12,48,A17 Bionic,3600,6.1,89999,2024,512
Apple,iPhone 16 Plus,203,6,12,48,A17 Bionic,4200,6.7,89999,2024,128
Apple,iPhone 16 Plus,203,6,12,48,A17 Bionic,4200,6.7,94999,2024,256
Apple,iPhone 16 Plus,203,6,12,48,A17 Bionic,4200,6.7,104999,2024,512
Apple,iPhone 16 Pro,206,6,12,50,A17 Pro,4400,6.1,99999,2024,128
Apple,iPhone 16 Pro,206,8,12,50,A17 Pro,4400,6.1,104999,2024,256
Apple,iPhone 16 Pro,206,8,12,50,A17 Pro,4400,6.1,114999,2024,512
Apple,iPhone 16 Pro Max,221,6,12,48,A17 Pro,4500,6.7,109999,2024,128
Apple,iPhone 16 Pro Max,221,8,12,48,A17 Pro,4500,6.7,114999,2024,256
Apple,iPhone 16 Pro Max,221,8,12,48,A17 Pro,4500,6.7,124999,2024,512
Apple,iPhone 15,171,6,12,48,A16 Bionic,3200,6.1,74999,2023,128
Apple,iPhone 15,171,6,12,48,A16 Bionic,3200,6.1,79999,2023,256
Apple,iPhone 15,171,6,12,48,A16 Bionic,3200,6.1,89999,2023,512
Apple,iPhone 15 Plus,203,6,12,48,A16 Bionic,4300,6.7,84999,2023,128
Apple,iPhone 15 Plus,203,6,12,48,A16 Bionic,4300,6.7,94999,2023,256
Apple,iPhone 15 Plus,203,6,12,48,A16 Bionic,4300,6.7,104999,2023,512
Apple,iPhone 15 Pro,206,6,12,48,A16 Bionic,4400,6.1,99999,2023,128
Apple,iPhone 15 Pro,206,8,12,48,A16 Bionic,4400,6.1,109999,2023,256
Apple,iPhone 15 Pro,206,8,12,48,A16 Bionic,4400,6.1,119999,2023,512
Apple,iPhone 15 Pro Max,221,6,12,48,A16 Bionic,4500,6.7,114999,2023,128
Apple,iPhone 15 Pro Max,221,8,12,48,A16 Bionic,4500,6.7,124999,2023,256
Apple,iPhone 15 Pro Max,221,8,12,48,A16 Bionic,4500,6.7,134999,2023,512
Apple,iPhone 14,172,6,12,12,A15 Bionic,3200,6.1,69999,2022,128
Apple,iPhone 14,172,6,12,12,A15 Bionic,3200,6.1,74999,2022,256
Apple,iPhone 14,172,6,12,12,A15 Bionic,3200,6.1,84999,2022,512
Apple,iPhone 14 Plus,203,6,12,12,A15 Bionic,4325,6.7,79999,2022,128
Apple,iPhone 14 Plus,203,6,12,12,A15 Bionic,4325,6.7,84999,2022,256
Apple,iPhone 14 Plus,203,6,12,12,A15 Bionic,4325,6.7,94999,2022,512
Apple,iPhone 14 Pro,206,6,12,48,A16 Bionic,4200,6.1,109999,2022,128
Apple,iPhone 14 Pro,206,8,12,48,A16 Bionic,4200,6.1,119999,2022,256
Apple,iPhone 14 Pro,206,8,12,48,A16 Bionic,4200,6.1,134999,2022,512
Apple,iPhone 14 Pro Max,221,6,12,48,A16 Bionic,4500,6.7,124999,2022,128
Apple,iPhone 14 Pro Max,221,8,12,48,A16 Bionic,4500,6.7,134999,2022,256
Apple,iPhone 14 Pro Max,221,8,12,48,A16 Bionic,4500,6.7,144999,2022,512
Apple,iPhone 13 mini,140,4,12,12,A15 Bionic,2438,5.4,69900,2021,128
Apple,iPhone 13 mini,140,4,12,12,A15 Bionic,2438,5.4,74900,2021,256
Apple,iPhone 13 mini,140,4,12,12,A15 Bionic,2438,5.4,84900,2021,512
Apple,iPhone 13,174,4,12,12,A15 Bionic,3240,6.1,74900,2021,128
Apple,iPhone 13,174,4,12,12,A15 Bionic,3240,6.1,84900,2021,256
Apple,iPhone 13,174,4,12,12,A15 Bionic,3240,6.1,94900,2021,512
Apple,iPhone 13 Pro,204,6,12,12,A15 Bionic,3095,6.1,119900,2021,128
Apple,iPhone 13 Pro,204,6,12,12,A15 Bionic,3095,6.1,129900,2021,256
Apple,iPhone 13 Pro,204,6,12,12,A15 Bionic,3095,6.1,139900,2021,512
Apple,iPhone 13 Pro Max,238,6,12,12,A15 Bionic,4352,6.7,129900,2021,128
Apple,iPhone 13 Pro Max,238,6,12,12,A15 Bionic,4352,6.7,139900,2021,256
Apple,iPhone 13 Pro Max,238,6,12,12,A15 Bionic,4352,6.7,149900,2021,512
Apple,iPhone 12 mini,135,4,12,12,A14 Bionic,2227,5.4,69900,2020,64
Apple,iPhone 12 mini,135,4,12,12,A14 Bionic,2227,5.4,74900,2020,128
Apple,iPhone 12 mini,135,4,12,12,A14 Bionic,2227,5.4,84900,2020,256
Apple,iPhone 12,164,4,12,12,A14 Bionic,2815,6.1,74900,2020,64
Apple,iPhone 12,164,4,12,12,A14 Bionic,2815,6.1,84900,2020,128
Apple,iPhone 12,164,4,12,12,A14 Bionic,2815,6.1,94900,2020,256
Apple,iPhone 12 Pro,189,6,12,12,A14 Bionic,2815,6.1,119900,2020,128
Apple,iPhone 12 Pro,189,6,12,12,A14 Bionic,2815,6.1,129900,2020,256
Apple,iPhone 12 Pro,189,6,12,12,A14 Bionic,2815,6.1,139900,2020,512
Apple,iPhone 12 Pro Max,228,6,12,12,A14 Bionic,3687,6.7,129900,2020,128
Apple,iPhone 12 Pro Max,228,6,12,12,A14 Bionic,3687,6.7,139900,2020,256
Apple,iPhone 12 Pro Max,228,6,12,12,A14 Bionic,3687,6.7,149900,2020,512
Apple,iPhone 11,194,4,12,12,A13 Bionic,3110,6.1,64900,2019,64
Apple,iPhone 11,194,4,12,12,A13 Bionic,3110,6.1,74900,2019,128
Apple,iPhone 11,194,4,12,12,A13 Bionic,3110,6.1,84900,2019,256
Apple,iPhone 11 Pro,188,4,12,12,A13 Bionic,3046,5.8,99900,2019,64
Apple,iPhone 11 Pro,188,4,12,12,A13 Bionic,3046,5.8,109900,2019,256
Apple,iPhone 11 Pro,188,4,12,12,A13 Bionic,3046,5.8,119900,2019,512
Apple,iPhone 11 Pro Max,226,4,12,12,A13 Bionic,3969,6.5,109900,2019,64
Apple,iPhone 11 Pro Max,226,4,12,12,A13 Bionic,3969,6.5,119900,2019,256
Apple,iPhone 11 Pro Max,226,4,12,12,A13 Bionic,3969,6.5,129900,2019,512
Apple,iPhone X,174,3,7,12,A11 Bionic,2716,5.8,89900,2017,64
Apple,iPhone X,174,3,7,12,A11 Bionic,2716,5.8,99900,2017,256
Apple,iPhone XS,177,4,7,12,A12 Bionic,2658,5.8,99900,2018,64
Apple,iPhone XS,177,4,7,12,A12 Bionic,2658,5.8,109900,2018,256
Apple,iPhone XS,177,4,7,12,A12 Bionic,2658,5.8,119900,2018,512
Apple,iPhone XS Max,208,4,7,12,A12 Bionic,3174,6.5,109900,2018,64
Apple,iPhone XS Max,208,4,7,12,A12 Bionic,3174,6.5,119900,2018,256
Apple,iPhone XS Max,208,4,7,12,A12 Bionic,3174,6.5,129900,2018,512
Apple,iPhone XR,194,3,7,12,A12 Bionic,2942,6.1,64900,2018,64
Apple,iPhone XR,194,3,7,12,A12 Bionic,2942,6.1,74900,2018,128
Apple,iPhone XR,194,3,7,12,A12 Bionic,2942,6.1,84900,2018,256
Apple,iPad Air 10.9-inch,458,4,12,12,A14 Bionic,7608,10.9,54900,2020,64
Apple,iPad Air 10.9-inch,458,4,12,12,A14 Bionic,7608,10.9,64900,2020,256
Apple,iPad 10.2-inch,490,3,12,8,A13 Bionic,8612,10.2,29900,2020,32
Apple,iPad 10.2-inch,490,3,12,8,A13 Bionic,8612,10.2,39900,2020,128
Apple,iPad Mini 7.9-inch,300,3,7,8,A12 Bionic,5124,7.9,39900,2019,64
Apple,iPad Mini 7.9-inch,300,3,7,8,A12 Bionic,5124,7.9,49900,2019,256
Apple,iPad Pro 11-inch,468,4,7,12,A12Z Bionic,7812,0.0,71900,2020,128
Apple,iPad Pro 11-inch,468,4,7,12,A12Z Bionic,7812,0.0,89900,2020,256
Apple,iPad Pro 11-inch,468,6,7,12,A12Z Bionic,7812,0.0,109900,2020,512
Apple,iPad Pro 12.9-inch,682,6,7,12,A12Z Bionic,9720,12.9,94900,2020,128
Apple,iPad Pro 12.9-inch,682,6,7,12,A12Z Bionic,9720,12.9,109900,2020,256
Apple,iPad Pro 12.9-inch,682,6,7,12,A12Z Bionic,9720,12.9,119900,2020,512
Apple,iPad Pro 13-inch,708,6,7,12,A12Z Bionic,10307,0.0,119900,2020,128
Apple,iPad Pro 13-inch,708,6,7,12,A12Z Bionic,10307,0.0,139900,2020,256
Apple,iPad Pro 13-inch,708,6,7,12,A12Z Bionic,10307,0.0,159900,2020,512
Apple,iPad Pro 13-inch,708,6,7,12,A12Z Bionic,10307,0.0,179900,2020,1024
Apple,iPad Pro 13-inch,708,6,7,12,A12Z Bionic,10307,0.0,199900,2020,2048
Samsung,Galaxy S24 Ultra,234,12,12,200,Exynos 2400,5000,6.8,104900,2024,128
Samsung,Galaxy S24 Ultra,234,12,12,200,Exynos 2400,5000,6.8,114900,2024,256
Samsung,Galaxy S24+,196,8,12,50,Exynos 2400,4800,6.6,89900,2924,128
Samsung,Galaxy S24+,196,8,12,50,Exynos 2400,4800,6.6,99900,2024,256
Samsung,Galaxy S24,168,8,12,50,Exynos 2400,4000,6.1,79900,2024,128
Samsung,Galaxy S24,168,8,12,50,Exynos 2400,4000,6.1,89900,2024,256
Samsung,Galaxy S23 Ultra,228,12,12,200,Snapdragon 8 Gen 2,5000,6.8,99900,2023,128
Samsung,Galaxy S23 Ultra,228,12,12,200,Snapdragon 8 Gen 2,5000,6.8,109900,2023,256
Samsung,Galaxy S23+,196,8,12,50,Snapdragon 8 Gen 2,4700,6.6,79900,2023,128
Samsung,Galaxy S23+,196,8,12,50,Snapdragon 8 Gen 2,4700,6.6,89900,2023,256
Samsung,Galaxy S23,168,8,12,50,Snapdragon 8 Gen 2,3900,6.1,69900,2023,128
Samsung,Galaxy S23,168,8,12,50,Snapdragon 8 Gen 2,3900,6.1,79900,2023,256
Samsung,Galaxy S22 Ultra,228,12,10,108,Exynos 2200,5000,6.8,94900,2022,128
Samsung,Galaxy S22 Ultra,228,12,10,108,Exynos 2200,5000,6.8,104900,2022,256
Samsung,Galaxy S22+,195,8,10,50,Exynos 2200,4500,6.6,79900,2022,128
Samsung,Galaxy S22+,195,8,10,50,Exynos 2200,4500,6.6,89900,2022,256
Samsung,Galaxy S22,167,8,10,50,Exynos 2200,3800,6.1,69900,2022,128
Samsung,Galaxy S22,167,8,10,50,Exynos 2200,3800,6.1,79900,2022,256
Samsung,Galaxy Z Fold 5,254,12,10,50,Snapdragon 8 Gen 2,4400,7.6,154900,2023,256
Samsung,Galaxy Z Fold 5,254,12,10,50,Snapdragon 8 Gen 2,4400,7.6,174900,2023,512
Samsung,Galaxy Z Flip 5,187,8,12,12,Snapdragon 8 Gen 2,3700,6.7,94900,2023,256
Samsung,Galaxy Z Flip 5,187,8,12,12,Snapdragon 8 Gen 2,3700,6.7,104900,2023,512
Samsung,Galaxy Z Fold 4,263,12,10,50,Snapdragon 8 Gen 1,4400,7.6,134900,2022,256
Samsung,Galaxy Z Fold 4,263,12,10,50,Snapdragon 8 Gen 1,4400,7.6,154900,2022,512
Samsung,Galaxy Z Flip 4,187,8,10,12,Snapdragon 8 Gen 1,3700,6.7,84900,2022,256
Samsung,Galaxy Z Flip 4,187,8,10,12,Snapdragon 8 Gen 1,3700,6.7,94900,2022,512
Samsung,Galaxy A54,189,6,32,50,Exynos 1380,5000,6.4,27999,2023,128
Samsung,Galaxy A54,189,6,32,50,Exynos 1380,5000,6.4,32999,2023,256
Samsung,Galaxy A34,199,6,13,48,MediaTek Dimensity 1080,5000,6.6,22999,2023,128
Samsung,Galaxy A34,199,6,13,48,MediaTek Dimensity 1080,5000,6.6,27999,2023,256
Samsung,Galaxy A24,195,6,13,50,MediaTek Helio G99,5000,6.5,19999,2023,128
Samsung,Galaxy A24,195,6,13,50,MediaTek Helio G99,5000,6.5,24999,2023,256
Samsung,Galaxy A14,190,4,13,50,Exynos 850,5000,6.6,18499,2023,128
Samsung,Galaxy A14,190,4,13,50,Exynos 850,5000,6.6,21999,2023,256
Samsung,Galaxy A04,188,4,5,50,Exynos 850,5000,6.5,14999,2022,64
Samsung,Galaxy A04,188,4,5,50,Exynos 850,5000,6.5,18499,2022,128
Samsung,Galaxy M54,202,8,32,108,Exynos 1380,6000,6.7,23999,2023,128
Samsung,Galaxy M54,202,8,32,108,Exynos 1380,6000,6.7,26999,2023,256
Samsung,Galaxy M34,199,6,13,50,Exynos 1280,6000,6.5,17999,2023,128
Samsung,Galaxy M34,199,6,13,50,Exynos 1280,6000,6.5,20999,2023,256
Samsung,Galaxy M14,202,4,13,50,Exynos 850,6000,6.6,14999,2023,128
Samsung,Galaxy M14,202,4,13,50,Exynos 850,6000,6.6,17999,2023,256
Samsung,Galaxy M04,188,4,5,13,MediaTek Helio P35,5000,6.5,12999,2022,64
Samsung,Galaxy M04,188,4,5,13,MediaTek Helio P35,5000,6.5,15999,2022,128
Samsung,Galaxy F54,199,8,32,108,Exynos 1380,6000,6.7,23999,2023,128
Samsung,Galaxy F54,199,8,32,108,Exynos 1380,6000,6.7,26999,2023,256
Samsung,Galaxy F34,190,6,13,50,Exynos 1280,6000,6.5,18999,2023,128
Samsung,Galaxy F34,190,6,13,50,Exynos 1280,6000,6.5,21999,2023,256
Samsung,Galaxy F14,198,4,13,50,Exynos 850,6000,6.6,14999,2023,128
Samsung,Galaxy F14,198,4,13,50,Exynos 850,6000,6.6,17999,2023,256
Samsung,Galaxy Note 20 Ultra,208,12,10,108,Exynos 990,4500,6.9,99999,2020,128
Samsung,Galaxy Note 20 Ultra,208,12,10,108,Exynos 990,4500,6.9,104999,2020,256
Samsung,Galaxy Note 20,192,8,10,108,Exynos 990,4300,6.7,77999,2020,128
Samsung,Galaxy Note 20,192,8,10,108,Exynos 990,4300,6.7,89999,2020,256
Samsung,Galaxy Note 10+,196,12,10,12,Exynos 9825,4300,6.8,74999,2019,256
Samsung,Galaxy Note 10+,196,12,10,12,Exynos 9825,4300,6.8,84999,2019,512
Samsung,Galaxy Note 10,168,8,10,12,Exynos 9825,3500,6.3,64999,2019,256
Samsung,Galaxy Note 10,168,8,10,12,Exynos 9825,3500,6.3,59999,2019,128
Samsung,Galaxy Xcover 6 Pro,235,6,13,50,Exynos 1380,4050,6.6,28999,2022,128
Samsung,Galaxy Xcover 5,172,4,5,16,Exynos 850,3000,5.3,17499,2020,64
Samsung,Galaxy J8,191,4,16,16,Snapdragon 450,3500,6.0,18990,2018,64
Samsung,Galaxy J7 Pro,181,3,13,13,Exynos 7870,3600,5.5,18990,2017,64
Samsung,Galaxy J6+,178,4,8,13,Snapdragon 425,3300,6.0,15999,2018,64
Samsung,Galaxy J4,175,2,5,13,Exynos 7570,3000,5.5,9990,2018,16
Samsung,Galaxy C9 Pro,189,6,16,16,Snapdragon 653,4000,6.0,32990,2016,64
Samsung,Galaxy C7 Pro,165,4,16,16,Snapdragon 625,3300,5.7,22990,2017,64
Samsung,Galaxy C5,143,4,8,16,Snapdragon 617,2600,5.2,19990,2016,32
Samsung,Galaxy W22 5G,228,12,10,108,Snapdragon 888,4500,7.6,99999,2021,256
Samsung,Galaxy W21 5G,229,12,10,108,Snapdragon 888,4500,7.6,89999,2020,256
Samsung,Galaxy Tab S9 Ultra,732,12,12,13,Snapdragon 8 Gen 2,11200,14.6,114999,2023,256
Samsung,Galaxy Tab S9+,586,12,12,13,Snapdragon 8 Gen 2,10090,12.4,99999,2023,256
Samsung,Galaxy Tab S9,498,8,12,13,Snapdragon 8 Gen 2,8400,0.0,85999,2023,128
Samsung,Galaxy Tab S9 FE,523,6,12,8,Exynos 1380,8000,10.9,49999,2023,128
Samsung,Galaxy Tab S8 Ultra,726,12,12,13,Snapdragon 8 Gen 1,11200,14.6,109999,2022,256
Samsung,Galaxy Tab S8+,567,8,12,13,Snapdragon 8 Gen 1,10090,12.4,94999,2022,256
Samsung,Galaxy Tab S8,503,8,12,13,Snapdragon 8 Gen 1,8000,0.0,74999,2022,128
Samsung,Galaxy Tab A9+,480,8,5,8,Snapdragon 695,7040,0.0,22999,2023,128
Samsung,Galaxy Tab A9,366,4,2,8,MediaTek Helio G99,5100,8.7,16999,2023,64
Samsung,Galaxy Tab A8,508,4,5,8,Unisoc T618,7040,10.5,17999,2022,64
Samsung,Galaxy Tab A7 Lite,366,3,2,8,MediaTek Helio P22T,5100,8.7,11999,2021,32
Samsung,Galaxy Tab Active 5,433,6,5,13,Exynos 1380,5050,0.0,54999,2024,128
Samsung,Galaxy Tab Active 4 Pro,674,6,8,13,Snapdragon 778G,7600,10.1,64999,2022,128
Samsung,Galaxy Tab Active 3,426,4,5,13,Exynos 9810,5050,0.0,44999,2020,64
Samsung,Galaxy Tab E 10.1,490,1,2,5,Spreadtrum SC8830,5000,10.1,9999,2016,16
Samsung,Galaxy Tab E 8.0,360,1,2,5,Qualcomm MSM8916,5000,0.0,8499,2016,16
OnePlus,OnePlus 12,205,12,32,50,Snapdragon 8 Gen 3,5000,6.7,74999,2024,256
OnePlus,OnePlus 12R,203,12,16,50,Snapdragon 8 Gen 2,4500,6.7,49999,2024,256
OnePlus,OnePlus 11,205,12,16,50,Snapdragon 8 Gen 1,5000,6.7,54999,2023,256
OnePlus,OnePlus 11R,202,12,16,50,Snapdragon 8 Gen 1,5000,6.7,44999,2023,256
OnePlus,OnePlus Nord 3,190,12,16,50,MediaTek Dimensity 9000,5000,6.74,34999,2023,256
OnePlus,OnePlus Nord CE 3,179,8,16,50,Snapdragon 782G,5000,6.72,22999,2023,128
OnePlus,OnePlus Nord CE 3 Lite,195,8,16,108,Snapdragon 695,5000,6.72,17999,2023,128
OnePlus,OnePlus Nord N30 5G,192,8,16,64,MediaTek Dimensity 6020,5000,6.72,16999,2023,128
OnePlus,OnePlus Open,238,16,32,48,Snapdragon 8 Gen 2,4800,7.8,74999,2024,256
OnePlus,OnePlus 10 Pro,200,12,32,50,Snapdragon 8 Gen 1,5000,6.7,64999,2022,256
OnePlus,OnePlus 10T,203,12,16,50,Snapdragon 8+ Gen 1,4500,6.7,54999,2022,256
OnePlus,OnePlus 9 Pro,192,12,16,48,Snapdragon 888,4500,6.7,59999,2021,256
OnePlus,OnePlus 9,183,8,16,48,Snapdragon 888,4500,6.55,39999,2021,128
OnePlus,OnePlus 11 Pro,204,16,32,50,Snapdragon 8 Gen 2,5000,6.7,74999,2023,256
OnePlus,OnePlus Nord 2T,190,8,32,50,MediaTek Dimensity 1300,4500,6.43,28999,2022,128
OnePlus,OnePlus Nord 2,190,8,32,50,MediaTek Dimensity 1200-AI,4500,6.43,27999,2021,128
OnePlus,OnePlus Nord N200,189,4,16,13,Snapdragon 480,5000,6.49,15999,2021,64
OnePlus,OnePlus Nord N100,185,4,8,13,Qualcomm Snapdragon 460,5000,6.52,12999,2020,64
OnePlus,OnePlus 8T Cyberpunk 2077 Edition,188,12,16,48,Snapdragon 865,4500,6.55,45999,2020,256
OnePlus,OnePlus 9T,192,8,16,48,Snapdragon 888,4500,6.55,49999,2021,128
OnePlus,OnePlus 8T,188,12,16,48,Snapdragon 865,4500,6.55,42999,2020,256
OnePlus,OnePlus 10T 5G,203,12,16,50,Snapdragon 8+ Gen 1,4500,6.7,54999,2022,256
OnePlus,OnePlus 9R 5G,189,8,16,48,Snapdragon 870,4500,6.55,39999,2021,128
OnePlus,OnePlus 8 Pro,199,12,16,48,Snapdragon 865,4510,6.78,54999,2020,256
OnePlus,OnePlus 8,180,8,16,48,Snapdragon 865,4300,6.55,41999,2020,128
OnePlus,OnePlus Nord CE 2 Lite,195,6,16,64,MediaTek Dimensity 900,5000,6.59,19999,2022,128
OnePlus,OnePlus Nord CE 2,173,8,16,64,MediaTek Dimensity 1200,4500,6.43,23999,2022,128
OnePlus,OnePlus Nord 1,184,6,16,48,Snapdragon 765G,4115,6.44,22999,2020,128
OnePlus,OnePlus Nord CE 5G,170,6,16,64,Snapdragon 750G,4500,6.43,24999,2021,128
OnePlus,OnePlus Nord 2 5G,189,8,32,50,MediaTek Dimensity 1200-AI,4500,6.43,27999,2021,128
OnePlus,OnePlus Nord N100 5G,185,4,8,13,Qualcomm Snapdragon 460,5000,6.52,12999,2020,64
OnePlus,OnePlus Nord N10 5G,190,6,16,64,Qualcomm Snapdragon 690,4300,6.49,19999,2020,128
OnePlus,OnePlus 8R,192,8,16,48,Snapdragon 865,4300,6.55,41999,2020,128
OnePlus,OnePlus 7R,190,6,16,48,Snapdragon 855,3700,6.41,38999,2020,128
OnePlus,OnePlus 6T McLaren Edition,185,10,16,20,Snapdragon 845,3700,6.41,50999,2018,256
OnePlus,OnePlus 5T Star Wars Edition,162,6,16,16,Snapdragon 835,3300,6.01,34999,2017,128
OnePlus,OnePlus 13R,210,8,16,50,Snapdragon 8 Gen 2,4500,6.7,74999,2023,128
OnePlus,OnePlus 11T,202,12,32,50,Snapdragon 8 Gen 2,5000,6.7,74999,2023,128
OnePlus,OnePlus 10R,205,8,16,50,MediaTek Dimensity 8100,4500,6.7,49999,2022,128
OnePlus,OnePlus 7 Pro 5G,206,12,16,48,Snapdragon 855,4000,6.67,59999,2019,256
OnePlus,OnePlus 6 Special Edition,177,6,16,20,Snapdragon 845,3300,6.28,37999,2018,128
OnePlus,OnePlus 5 Special Edition,155,8,16,20,Snapdragon 835,3300,5.5,36999,2017,128
OnePlus,OnePlus Nord X,190,8,32,64,Snapdragon 765G,4000,6.44,24999,2020,128
OnePlus,OnePlus 8 Pro McLaren Edition,199,12,16,48,Snapdragon 865,4510,6.78,59999,2020,256
OnePlus,OnePlus 8T Cyberpunk Edition,188,12,16,48,Snapdragon 865,4500,6.55,58999,2020,256
OnePlus,OnePlus 7T Pro 5G McLaren Edition,206,12,16,48,Snapdragon 855,4085,6.67,69999,2019,256
OnePlus,OnePlus 15R,210,12,32,50,Snapdragon 8 Gen 3,5000,6.7,74999,2023,128
OnePlus,OnePlus 14+,202,8,16,64,Snapdragon 8 Gen 2,4800,6.55,69999,2023,128
OnePlus,OnePlus 13 Pro,215,12,32,50,Snapdragon 8 Gen 2,5000,6.7,74999,2023,256
OnePlus,OnePlus 12T 5G,200,12,16,50,Snapdragon 8 Gen 2,5000,6.7,74999,2023,256
Vivo,X200,223,12,32,50,Dimensity 9400,6000,6.78,119999,2024,128
Vivo,X200,223,12,32,50,Dimensity 9400,6000,6.78,129999,2024,256
Vivo,X200 Pro,223,16,32,200,Dimensity 9400,6000,6.78,139999,2024,256
Vivo,X200 Pro,223,16,32,200,Dimensity 9400,6000,6.78,149999,2024,512
Vivo,X200 Pro Mini,187,16,32,50,Dimensity 9400,5700,6.31,109999,2024,256
Vivo,V40e,179,8,44,64,Snapdragon 778G,4100,6.44,44999,2024,128
Vivo,Y200 GT,190,12,16,64,Dimensity 1200,5000,6.58,39999,2024,128
Vivo,T3 5G,180,8,16,50,Snapdragon 870,5000,6.67,34999,2024,128
Vivo,Y100 5G,181,8,16,64,Dimensity 900,4500,6.38,29999,2024,128
Vivo,S18 Pro,189,12,32,108,Snapdragon 8 Gen 2,4700,6.56,59999,2024,256
Vivo,V30 Pro,192,12,32,64,Dimensity 1100,4500,6.44,49999,2024,128
Vivo,iQOO 12,210,16,16,50,Snapdragon 8 Gen 3,5000,6.78,64999,2024,256
Vivo,Z3,162,6,12,16,Snapdragon 710,3315,6.3,22999,2018,64
Vivo,V9,150,4,24,16,Snapdragon 626,3260,6.3,19999,2018,64
Vivo,X9 Plus,199,6,20,16,Snapdragon 653,4000,5.88,24999,2017,128
Vivo,Y81,146,3,5,13,MediaTek Helio P22,3260,6.22,12999,2018,32
Vivo,X5Max,146,2,5,13,Snapdragon 615,2300,5.5,16999,2014,16
Vivo,V5 Plus,158,4,20,16,Snapdragon 625,3055,5.5,22999,2017,64
Vivo,Y95,163,4,20,13,Snapdragon 439,4030,6.22,16999,2018,64
Vivo,V3 Max,168,4,8,13,Snapdragon 652,3000,5.5,13999,2016,32
Vivo,X3S,153,1,5,13,MediaTek MT6592,2000,5.0,10999,2014,16
Vivo,Y66,155,3,16,13,Snapdragon 430,3000,5.5,14999,2017,32
Vivo,V19,176,8,32,48,Qualcomm Snapdragon 712,4500,6.44,27990,2020,128
Vivo,V19,176,8,32,48,Qualcomm Snapdragon 712,4500,6.44,31990,2020,256
Vivo,V17 Pro,201,8,32,48,Qualcomm Snapdragon 675,4100,6.44,27990,2019,128
Vivo,V17 Pro,201,8,32,48,Qualcomm Snapdragon 675,4100,6.44,33990,2019,256
Vivo,Y12s,191,3,8,13,MediaTek Helio P35,5000,6.51,10990,2020,64
Vivo,Y12s,191,4,8,13,MediaTek Helio P35,5000,6.51,13990,2020,128
Vivo,S1 Pro,185,6,32,48,MediaTek Helio P65,4500,6.38,19990,2019,128
Vivo,S1 Pro,185,6,32,48,MediaTek Helio P65,4500,6.38,24990,2019,256
Vivo,Y11,190,3,8,13,Qualcomm Snapdragon 439,5000,6.35,10999,2019,32
Vivo,Y11,190,3,8,13,Qualcomm Snapdragon 439,5000,6.35,13490,2019,64
Vivo,V15,190,6,32,48,MediaTek Helio P70,4000,6.53,22990,2019,128
Vivo,V15,190,6,32,48,MediaTek Helio P70,4000,6.53,26990,2019,256
Vivo,X27 Pro,190,8,32,48,Qualcomm Snapdragon 710,4000,6.39,35990,2019,128
Vivo,X27 Pro,190,8,32,48,Qualcomm Snapdragon 710,4000,6.39,39990,2019,256
Vivo,Y30,193,4,8,13,MediaTek Helio P35,5000,6.47,14990,2020,128
Vivo,Y30,193,3,8,13,MediaTek Helio P35,5000,6.47,11990,2020,64
Vivo,Z1 Pro,159,4,16,16,Qualcomm Snapdragon 712,4500,6.53,18990,2019,64
Vivo,Z1 Pro,159,6,16,16,Qualcomm Snapdragon 712,4500,6.53,22990,2019,128
Vivo,X21,156,6,12,12,Qualcomm Snapdragon 660,3200,6.28,24990,2018,128
Vivo,X21,156,4,12,12,Qualcomm Snapdragon 660,3200,6.28,21990,2018,64
Vivo,V23e,172,8,50,64,MediaTek Helio G96,4050,6.44,20999,2021,128
Vivo,V23e,172,8,50,64,MediaTek Helio G96,4050,6.44,24999,2021,256
Vivo,Y33s,182,8,16,50,MediaTek Helio G80,5000,6.58,17999,2021,128
Vivo,Y33s,182,4,16,50,MediaTek Helio G80,5000,6.58,14999,2021,64
Vivo,X60 Pro,190,12,32,48,Qualcomm Snapdragon 870,4200,6.56,44999,2021,256
Vivo,X60 Pro,190,12,32,48,Qualcomm Snapdragon 870,4200,6.56,49999,2021,512
Vivo,V20 Pro,173,8,44,64,Qualcomm Snapdragon 765G,4000,6.44,25999,2020,128
Vivo,V20 Pro,173,8,44,64,Qualcomm Snapdragon 765G,4000,6.44,29999,2020,256
Vivo,Y75 5G,179,8,16,50,MediaTek Dimensity 700,5000,6.58,21999,2021,128
Vivo,Y75 5G,179,8,16,50,MediaTek Dimensity 700,5000,6.58,25999,2021,256
Vivo,Y53s,190,6,16,64,MediaTek Helio G80,5000,6.58,16999,2021,128
Vivo,Y53s,190,6,16,64,MediaTek Helio G80,5000,6.58,13999,2021,64
Vivo,V15 Pro,185,6,32,48,Qualcomm Snapdragon 675,3700,6.39,25999,2019,128
Vivo,V15 Pro,185,6,32,48,Qualcomm Snapdragon 675,3700,6.39,29999,2019,256
Vivo,X70 Pro,185,8,32,50,MediaTek Dimensity 1200,4450,6.56,39999,2021,128
Vivo,X70 Pro,185,8,32,50,MediaTek Dimensity 1200,4450,6.56,44999,2021,256
Vivo,T1 5G,181,6,16,50,Qualcomm Snapdragon 695,5000,6.58,17999,2022,128
Vivo,T1 5G,181,8,16,50,Qualcomm Snapdragon 695,5000,6.58,21999,2022,256
Vivo,X30 Pro,199,8,32,64,Qualcomm Snapdragon 855,4200,6.44,47999,2019,128
Vivo,X30 Pro,199,8,32,64,Qualcomm Snapdragon 855,4200,6.44,54999,2019,256
Vivo,V27,182,8,50,50,MediaTek Dimensity 8200,4600,6.78,29999,2023,128
Vivo,V27,182,8,50,50,MediaTek Dimensity 8200,4600,6.78,32999,2023,256
Vivo,V27 Pro,182,8,50,50,MediaTek Dimensity 8200,4600,6.78,34999,2023,128
Vivo,V27 Pro,182,8,50,50,MediaTek Dimensity 8200,4600,6.78,37999,2023,256
Vivo,V25 Pro,190,8,32,64,MediaTek Dimensity 1300,4830,6.56,25999,2022,128
Vivo,V25 Pro,190,8,32,64,MediaTek Dimensity 1300,4830,6.56,29999,2022,256
Vivo,X90 Pro,221,12,32,50,MediaTek Dimensity 9200,4870,6.78,69999,2022,256
Vivo,X90 Pro,221,12,32,50,MediaTek Dimensity 9200,4870,6.78,79999,2022,512
Vivo,Y100,190,8,16,64,MediaTek Dimensity 900,4500,6.44,19999,2023,128
Vivo,Y100,190,8,16,64,MediaTek Dimensity 900,4500,6.44,22999,2023,256
Vivo,T2 Series,190,8,16,64,Qualcomm Snapdragon 695,4500,6.44,15999,2023,128
Vivo,T2 Series,190,8,16,64,Qualcomm Snapdragon 695,4500,6.44,18999,2023,256
Vivo,V23 5G,179,8,50,64,MediaTek Dimensity 920,4200,6.44,27999,2022,128
Vivo,V23 5G,179,8,50,64,MediaTek Dimensity 920,4200,6.44,32999,2022,256
Vivo,X80,206,12,32,50,MediaTek Dimensity 9000,4700,6.78,59999,2022,256
Vivo,X80,206,12,32,50,MediaTek Dimensity 9000,4700,6.78,69999,2022,512
Vivo,Y21,182,4,8,13,MediaTek Helio P35,5000,6.51,12999,2021,128
Vivo,Y21,182,4,8,13,MediaTek Helio P35,5000,6.51,9999,2021,64
Vivo,Pad,498,6,8,13,Snapdragon 870,8040,0.0,34999,2022,128
Vivo,Pad 2,535,8,8,50,MediaTek Dimensity 1200,8040,0.0,39999,2023,256
Vivo,Pad Air,510,6,8,13,Snapdragon 870,8040,10.4,31999,2023,128
Vivo,Pad 3,500,6,8,13,Snapdragon 750G,8040,0.0,34999,2023,128
Vivo,Pad 3 Pro,550,8,8,50,Snapdragon 888,8040,12.3,45999,2023,256
Vivo,Pad 4 Pro,560,8,8,50,MediaTek Dimensity 9000,8040,12.9,49999,2024,256
iQOO,Pad,520,6,8,13,Snapdragon 870,8040,0.0,37999,2023,128
iQOO,Pad 2,540,8,8,50,Snapdragon 888,8040,12.3,43999,2024,256
iQOO,Pad 2 Pro,555,8,8,50,Snapdragon 8 Gen 1,8040,12.3,49999,2024,256
Oppo,Find N3,239,12,32,48,Snapdragon 8 Gen 2,4805,7.82,159999,2023,512
Oppo,Find N3 Flip,198,12,32,50,MediaTek Dimensity 9200,4300,6.8,109999,2023,256
Oppo,Find X8 Pro,210,12,32,50,Snapdragon 8 Gen 2,5000,6.8,139999,2024,256
Oppo,Find X8,195,8,32,50,Snapdragon 8 Gen 2,4800,6.7,119999,2024,256
Oppo,Reno13 F 4G,192,8,32,50,MediaTek Helio G100,5800,6.67,44999,2025,256
Oppo,Reno13 F,192,8,32,50,MediaTek Helio G100,5800,6.67,44999,2025,256
Oppo,Reno13 Pro,210,12,50,50,MediaTek Dimensity 8350,5800,6.83,69999,2025,512
Oppo,Reno13,200,12,50,50,MediaTek Dimensity 8350,5600,6.59,54999,2025,256
Oppo,Reno12 F 4G,187,8,32,50,Snapdragon 685,5000,6.7,39999,2024,256
Oppo,Reno12 F,187,8,32,50,Snapdragon 685,5000,6.7,39999,2024,256
Oppo,Reno12 Pro,190,12,32,50,MediaTek Dimensity 8200,4600,6.74,64999,2024,512
Oppo,Reno12,185,8,32,50,MediaTek Dimensity 7050,5000,6.7,49999,2024,256
Oppo,Reno11 F,185,8,32,64,MediaTek Dimensity 7050,5000,6.7,44999,2024,256
Oppo,Reno11 Pro,190,12,32,50,MediaTek Dimensity 8200,4600,6.74,59999,2024,512
Oppo,A5 Pro,180,8,16,50,Dimensity 7300,6000,6.7,49999,2024,256
Oppo,A5 Pro,186,12,16,50,Dimensity 7300,6000,6.7,54999,2024,512
Oppo,A80,186,8,8,50,Dimensity 6300,5100,6.67,44999,2024,256
Oppo,A3 4G,186,4,5,50,Snapdragon 6s 4G Gen 1,5000,6.7,34999,2024,128
Oppo,A3x 4G,186,4,8,8,Snapdragon 6s 4G Gen 1,5100,6.67,36999,2024,128
Oppo,A3x 4G,186,6,8,8,Snapdragon 6s 4G Gen 1,5100,6.67,39999,2024,256
Oppo,A3,186,4,5,50,Snapdragon 6s 4G Gen 1,5000,6.7,34999,2024,128
Oppo,A3x,186,4,8,8,Snapdragon 6s 4G Gen 1,5100,6.67,36999,2024,128
Oppo,A3x,186,6,8,8,Snapdragon 6s 4G Gen 1,5100,6.67,39999,2024,256
Oppo,A3,186,4,5,50,Snapdragon 6s 4G Gen 1,5000,6.7,34999,2024,128
Oppo,A60,186,8,8,50,Snapdragon 680 4G,5000,6.67,39999,2024,128
Oppo,A60,186,8,8,50,Snapdragon 680 4G,5000,6.67,42999,2024,256
Oppo,K12 Plus,192,8,16,50,Snapdragon 7 Gen 3,6400,6.7,59999,2024,256
Oppo,K12 Plus,192,12,16,50,Snapdragon 7 Gen 3,6400,6.7,64999,2024,512
Oppo,F27,175,8,32,64,Dimensity 7050,5000,6.7,44999,2024,128
Oppo,F27,175,8,32,64,Dimensity 7050,5000,6.7,47999,2024,256
Oppo,F27 Pro+,177,8,32,64,Dimensity 7050,5000,6.7,49999,2024,256
Oppo,F27 Pro+,177,12,32,64,Dimensity 7050,5000,6.7,54999,2024,512
Oppo,F25 Pro,173,8,32,64,Snapdragon 778G,4500,6.55,42999,2023,128
Oppo,F25 Pro,173,8,32,64,Snapdragon 778G,4500,6.55,44999,2023,256
Oppo,Pad 3,533,8,8,13,Dimensity 8350,9510,11.6,54999,2024,128
Oppo,Pad 3,533,12,8,13,Dimensity 8350,9510,11.6,59999,2024,256
Oppo,Pad 3 Pro,586,12,8,13,Snapdragon 8 Gen 3,9510,12.1,64999,2024,256
Oppo,Pad 3 Pro,586,16,8,13,Snapdragon 8 Gen 3,9510,12.1,69999,2024,512
Oppo,Pad Neo,520,6,8,13,Snapdragon 870,8360,0.0,44999,2023,128
Oppo,Pad Neo,520,8,8,13,Snapdragon 870,8360,0.0,49999,2023,256
Oppo,Find X7 Ultra,221,12,32,50,Snapdragon 8 Gen 3,5000,6.82,109999,2024,256
Oppo,Find X7 Ultra,221,16,32,50,Snapdragon 8 Gen 3,5000,6.82,119999,2024,512
Oppo,Find X7,206,12,32,50,Dimensity 9300,5000,6.78,99999,2024,256
Oppo,Find X7,206,16,32,50,Dimensity 9300,5000,6.78,109999,2024,512
Oppo,Find X6 Pro,218,12,32,50,Snapdragon 8 Gen 2,5000,6.82,94999,2023,256
Oppo,Find X6 Pro,218,16,32,50,Snapdragon 8 Gen 2,5000,6.82,104999,2023,512
Oppo,Find X6,207,12,32,50,Dimensity 9200,4800,6.74,84999,2023,256
Oppo,Find X6,207,16,32,50,Dimensity 9200,4800,6.74,94999,2023,512
Oppo,Find X5 Pro,218,12,32,50,Snapdragon 8 Gen 1,5000,6.7,89999,2022,256
Oppo,Find X5 Pro,218,16,32,50,Snapdragon 8 Gen 1,5000,6.7,99999,2022,512
Oppo,Find X5,196,8,32,50,Snapdragon 888,4800,6.55,79999,2022,256
Oppo,Find N2 Flip,191,8,32,50,Dimensity 9000+,4300,6.8,84999,2023,256
Oppo,Find N2 Flip,191,12,32,50,Dimensity 9000+,4300,6.8,94999,2023,512
Oppo,Find N2,233,12,32,50,Snapdragon 8+ Gen 1,4520,7.1,99999,2022,256
Oppo,Reno10 5G,180,8,32,64,Dimensity 7050,5000,6.7,38999,2023,128
Oppo,Reno10 5G,180,8,32,64,Dimensity 7050,5000,6.7,42999,2023,256
Oppo,Reno10 Pro 5G,186,12,32,50,Snapdragon 778G,4600,6.7,44999,2023,256
Oppo,Reno10 Pro+ 5G,194,16,32,50,Snapdragon 8+ Gen 1,4700,6.74,54999,2023,256
Oppo,Reno9 5G,174,8,32,64,Snapdragon 778G,4500,6.7,32999,2022,128
Oppo,Reno9 5G,174,12,32,64,Snapdragon 778G,4500,6.7,36999,2022,256
Oppo,Reno9 Pro 5G,184,16,32,50,Dimensity 8100,4500,6.7,42999,2022,256
Oppo,Reno9 Pro+ 5G,192,16,32,50,Snapdragon 8+ Gen 1,4700,6.7,52999,2022,256
Oppo,Reno8 5G,179,8,32,50,Dimensity 1300,4500,6.4,29999,2022,128
Oppo,Reno8 5G,179,12,32,50,Dimensity 1300,4500,6.4,34999,2022,256
Oppo,Reno8 Pro 5G,183,12,32,50,Dimensity 8100,4500,6.7,42999,2022,256
Oppo,Reno8 Pro+ 5G,195,12,32,50,Dimensity 8100,4500,6.7,46999,2022,256
Oppo,Reno7 5G,173,8,32,64,Dimensity 900,4500,6.4,28999,2021,128
Oppo,Reno7 5G,173,12,32,64,Dimensity 900,4500,6.4,32999,2021,256
Oppo,Reno7 Pro 5G,180,12,32,50,Dimensity 1200,4500,6.55,39999,2021,256
Oppo,Reno6 5G,182,8,32,64,Dimensity 900,4300,6.43,29999,2021,128
Oppo,Reno6 5G,182,12,32,64,Dimensity 900,4300,6.43,32999,2021,256
Oppo,Reno6 Pro 5G,177,8,32,64,Dimensity 1200,4500,6.55,39999,2021,128
Oppo,Reno6 Pro 5G,177,12,32,64,Dimensity 1200,4500,6.55,44999,2021,256
Oppo,Reno6 Pro+ 5G,188,12,32,50,Snapdragon 870,4500,6.55,49999,2021,256
Oppo,Reno5 5G,180,8,32,64,Snapdragon 765G,4300,6.43,26999,2020,128
Oppo,Reno5 5G,180,12,32,64,Snapdragon 765G,4300,6.43,29999,2020,256
Oppo,Reno5 Pro 5G,173,8,32,64,Dimensity 1000+,4350,6.55,32999,2020,128
Oppo,Reno5 Pro 5G,173,12,32,64,Dimensity 1000+,4350,6.55,36999,2020,256
Oppo,Reno5 Pro+ 5G,184,12,32,50,Snapdragon 865,4500,6.55,44999,2020,256
Oppo,Reno4 5G,183,8,32,48,Snapdragon 765G,4000,6.43,24999,2020,128
Oppo,Reno4 5G,183,8,32,48,Snapdragon 765G,4000,6.43,26999,2020,256
Oppo,Reno4 Pro 5G,172,12,32,48,Snapdragon 765G,4000,6.55,39999,2020,256
Oppo,Reno3 5G,181,8,32,64,Dimensity 1000L,4025,6.4,22999,2019,128
Oppo,Reno3 5G,181,12,32,64,Dimensity 1000L,4025,6.4,26999,2019,256
Oppo,Reno3 Pro 5G,171,12,32,48,Snapdragon 765G,4025,6.5,34999,2019,256
Oppo,A59 5G,186,6,8,13,MediaTek Dimensity 6020,5000,6.56,14999,2023,128
Oppo,A59 5G,186,8,8,13,MediaTek Dimensity 6020,5000,6.56,16999,2023,256
Oppo,A58 5G,188,8,8,50,MediaTek Dimensity 700,5000,6.56,19000,2022,256
Oppo,A57 5G,186,6,8,13,MediaTek Dimensity 810,5000,6.56,15999,2022,128
Oppo,A56 5G,189,6,8,13,MediaTek Dimensity 700,5000,6.5,14999,2021,128
Oppo,A55 5G,186,6,8,13,MediaTek Dimensity 700,5000,6.5,13999,2021,128
Oppo,A54 5G,190,6,16,48,Qualcomm Snapdragon 480,5000,6.5,15999,2021,128
Oppo,A53 5G,175,4,8,16,MediaTek Dimensity 720,4040,6.5,12999,2020,128
Oppo,A52 5G,184,4,8,12,MediaTek Dimensity 720,4000,6.5,11999,2020,128
Oppo,A51 5G,186,4,8,13,MediaTek Dimensity 700,4000,6.5,10999,2020,128
Oppo,A50 5G,185,4,8,13,MediaTek Dimensity 700,4000,6.5,9999,2020,128
Oppo,A49 5G,185,4,8,13,MediaTek Dimensity 700,4000,6.5,8999,2020,128
Oppo,A40,186,4,5,50,Qualcomm Snapdragon 6s Gen 1,5100,6.67,19999,2024,128
Oppo,A40,186,6,5,50,Qualcomm Snapdragon 6s Gen 1,5100,6.67,22999,2024,256
Oppo,K11x,195,8,16,108,Qualcomm Snapdragon 695,5000,6.72,18000,2023,128
Oppo,K11x,195,12,16,108,Qualcomm Snapdragon 695,5000,6.72,20000,2023,256
Oppo,K10x,195,6,16,64,Qualcomm Snapdragon 695,5000,6.59,16990,2022,128
Oppo,K10x,195,8,16,64,Qualcomm Snapdragon 695,5000,6.59,18990,2022,256
Oppo,K10 5G,205,8,16,64,MediaTek Dimensity 8000-Max,5000,6.59,19999,2022,128
Oppo,K9x,194,6,16,64,MediaTek Dimensity 810,5000,6.5,15999,2021,128
Oppo,K9x,194,8,16,64,MediaTek Dimensity 810,5000,6.5,17999,2021,256
Oppo,K9 Pro 5G,180,8,16,64,MediaTek Dimensity 1200,4500,6.43,24999,2021,128
Oppo,K9 Pro 5G,180,12,16,64,MediaTek Dimensity 1200,4500,6.43,27999,2021,256
Oppo,K9 5G,172,8,32,64,Qualcomm Snapdragon 768G,4300,6.43,22999,2021,128
Oppo,K9 5G,172,8,32,64,Qualcomm Snapdragon 768G,4300,6.43,24999,2021,256
Oppo,K7x,194,6,16,48,MediaTek Dimensity 720,5000,6.5,14999,2020,128
Oppo,K7 5G,180,8,32,48,Qualcomm Snapdragon 765G,4025,6.4,19999,2020,128
Oppo,K7 5G,180,8,32,48,Qualcomm Snapdragon 765G,4025,6.4,21999,2020,256
Oppo,K11x,195,8,16,108,Qualcomm Snapdragon 695,5000,6.72,18000,2023,128
Oppo,K11x,195,12,16,108,Qualcomm Snapdragon 695,5000,6.72,20000,2023,256
Oppo,K11,184,8,16,64,Qualcomm Snapdragon 782G,5000,6.7,21999,2023,128
Oppo,K11,184,12,16,64,Qualcomm Snapdragon 782G,5000,6.7,24999,2023,256
Oppo,K10x,195,6,16,64,Qualcomm Snapdragon 695,5000,6.59,16990,2022,128
Oppo,K10x,195,8,16,64,Qualcomm Snapdragon 695,5000,6.59,18990,2022,256
Oppo,K10 5G,205,8,16,64,MediaTek Dimensity 8000-Max,5000,6.59,19999,2022,128
Oppo,K10 5G,205,12,16,64,MediaTek Dimensity 8000-Max,5000,6.59,22999,2022,256
Oppo,K9x,194,6,16,64,MediaTek Dimensity 810,5000,6.5,15999,2021,128
Oppo,K9x,194,8,16,64,MediaTek Dimensity 810,5000,6.5,17999,2021,256
Oppo,K9 Pro 5G,180,8,16,64,MediaTek Dimensity 1200,4500,6.43,24999,2021,128
Oppo,K9 Pro 5G,180,12,16,64,MediaTek Dimensity 1200,4500,6.43,27999,2021,256
Oppo,K9 5G,172,8,32,64,Qualcomm Snapdragon 768G,4300,6.43,22999,2021,128
Oppo,K9 5G,172,8,32,64,Qualcomm Snapdragon 768G,4300,6.43,24999,2021,256
Oppo,K7x,194,6,16,48,MediaTek Dimensity 720,5000,6.5,14999,2020,128
Oppo,K7 5G,180,8,32,48,Qualcomm Snapdragon 765G,4025,6.4,19999,2020,128
Realme,GT 7 Pro,222,12,16,50,Qualcomm Snapdragon 8 Elite,6500,6.78,59999,2024,128
Realme,GT 7 Pro,222,16,16,50,Qualcomm Snapdragon 8 Elite,6500,6.78,65999,2024,256
Realme,GT 6,191,8,32,50,Qualcomm Snapdragon 8s Gen 3,5500,6.78,37999,2023,128
Realme,GT 6,191,12,32,50,Qualcomm Snapdragon 8s Gen 3,5500,6.78,39999,2023,256
Realme,GT 6,191,16,32,50,Qualcomm Snapdragon 8s Gen 3,5500,6.78,41999,2023,512
Realme,GT 6T,191,8,32,50,Qualcomm Snapdragon 7 Plus Gen 3,5500,6.78,28756,2023,128
Realme,GT 6T,191,8,32,50,Qualcomm Snapdragon 7 Plus Gen 3,5500,6.78,30999,2023,256
Realme,14 Pro+ 5G,184,12,16,50,Qualcomm Snapdragon 7s Gen 3,6000,6.83,34999,2025,256
Realme,14 Pro+ 5G,184,12,16,50,Qualcomm Snapdragon 7s Gen 3,6000,6.83,36999,2025,512
Realme,14 Pro 5G,184,8,16,50,MediaTek Dimensity 7300 Energy,5800,6.7,29999,2025,128
Realme,14 Pro 5G,184,8,16,50,MediaTek Dimensity 7300 Energy,5800,6.7,31999,2025,256
Realme,14x 5G,190,6,16,48,Qualcomm Snapdragon 7s Gen 2,5500,6.6,24999,2025,128
Realme,14x 5G,190,8,16,48,Qualcomm Snapdragon 7s Gen 2,5500,6.6,26999,2025,256
Realme,13+ 5G,185,8,16,50,MediaTek Dimensity 7200,5000,6.5,22999,2024,128
Realme,13+ 5G,185,8,16,50,MediaTek Dimensity 7200,5000,6.5,24999,2024,256
Realme,13 5G,190,6,16,50,MediaTek Dimensity 6100+,5000,6.6,18999,2024,128
Realme,13 5G,190,8,16,50,MediaTek Dimensity 6100+,5000,6.6,20999,2024,256
Realme,13 Pro 5G,192,8,16,50,Qualcomm Snapdragon 7s Gen 2,5200,6.7,27999,2024,128
Realme,13 Pro 5G,192,12,16,50,Qualcomm Snapdragon 7s Gen 2,5200,6.7,29999,2024,256
Realme,13 Pro+ 5G,195,12,32,50,Qualcomm Snapdragon 7+ Gen 2,5500,6.78,34999,2024,256
Realme,13 Pro+ 5G,195,16,32,50,Qualcomm Snapdragon 7+ Gen 2,5500,6.78,36999,2024,512
Realme,P1 Speed 5G,185,8,16,64,MediaTek Dimensity 8100,5100,6.7,19999,2024,128
Realme,P1 Speed 5G,185,12,16,64,MediaTek Dimensity 8100,5100,6.7,21999,2024,256
Realme,P2 Pro 5G,188,12,32,50,Qualcomm Snapdragon 7+ Gen 3,5500,6.78,32999,2024,256
Realme,P2 Pro 5G,188,16,32,50,Qualcomm Snapdragon 7+ Gen 3,5500,6.78,34999,2024,512
Realme,P1 5G,184,6,16,50,MediaTek Dimensity 6100+,5000,6.6,16999,2024,128
Realme,P1 5G,184,8,16,50,MediaTek Dimensity 6100+,5000,6.6,18999,2024,256
Realme,P1 Pro 5G,190,8,16,64,Qualcomm Snapdragon 7s Gen 1,5200,6.7,22999,2024,128
Realme,P1 Pro 5G,190,12,16,64,Qualcomm Snapdragon 7s Gen 1,5200,6.7,24999,2024,256
Realme,Narzo 70 Turbo 5G,200,8,16,50,MediaTek Dimensity 810,5000,6.6,19999,2024,128
Realme,Narzo 70 Turbo 5G,200,8,16,50,MediaTek Dimensity 810,5000,6.6,21999,2024,256
Realme,Narzo N61,195,6,16,50,MediaTek Helio G99,5000,6.5,14999,2024,128
Realme,Narzo N63,193,6,16,50,MediaTek Helio G88,5000,6.5,13999,2024,128
Realme,Narzo N65 5G,198,8,16,50,MediaTek Dimensity 700,5000,6.6,17999,2024,128
Realme,Narzo 70 5G,198,8,16,50,MediaTek Dimensity 810,5200,6.6,19499,2024,128
Realme,C75,190,6,8,50,MediaTek Helio G85,5000,6.6,13999,2024,128
Realme,C75,190,8,8,50,MediaTek Helio G85,5000,6.6,15999,2024,256
Realme,C61,189,4,8,50,Unisoc T612,5000,6.5,11999,2024,128
Realme,C67,195,6,8,50,MediaTek Helio G88,5000,6.6,14999,2024,128
Realme,C67,195,8,8,50,MediaTek Helio G88,5000,6.6,16999,2024,256
Realme,C65,192,6,8,50,Qualcomm Snapdragon 680,5000,6.6,13999,2024,128
Realme,C65,192,8,8,50,Qualcomm Snapdragon 680,5000,6.6,15999,2024,256
Realme,C63,191,6,8,50,MediaTek Helio G85,5000,6.6,13499,2024,128
Realme,C55,189,6,8,64,MediaTek Helio G88,5000,6.72,14999,2023,128
Realme,C55,189,8,8,64,MediaTek Helio G88,5000,6.72,16999,2023,256
Realme,Note 60x,198,6,16,50,MediaTek Dimensity 6100+,5200,6.6,17999,2024,128
Realme,Note 60,196,6,16,50,MediaTek Dimensity 810,5200,6.6,18999,2024,128
Realme,Note 60,196,8,16,50,MediaTek Dimensity 810,5200,6.6,20999,2024,256
Realme,Note 50,195,6,16,50,MediaTek Helio G99,5000,6.5,15999,2024,128
Realme,GT 7,199,8,16,50,Qualcomm Snapdragon 8 Gen 2,5200,6.8,47999,2024,128
Realme,GT 7,199,12,16,50,Qualcomm Snapdragon 8 Gen 2,5200,6.8,53999,2024,256
Realme,Neo 7,193,8,16,64,MediaTek Dimensity 8200,5000,6.7,30999,2024,128
Realme,Neo 7,193,12,16,64,MediaTek Dimensity 8200,5000,6.7,36999,2024,256
Realme,P2 Pro 5G,195,8,16,50,MediaTek Dimensity 9200,5100,6.7,32999,2024,128
Realme,P2 Pro 5G,195,12,16,50,MediaTek Dimensity 9200,5100,6.7,38999,2024,256
Realme,Pad,440,4,8,8,MediaTek Helio G80,7100,10.4,19999,2021,64
Realme,Pad,440,6,8,8,MediaTek Helio G80,7100,10.4,22999,2021,128
Realme,Pad 2,482,6,8,8,MediaTek Helio G99,8360,11.5,27999,2023,128
Realme,Pad 2,482,8,8,8,MediaTek Helio G99,8360,11.5,31999,2023,256
Realme,Pad 2 Lite,466,4,8,8,MediaTek Helio G85,7100,10.4,18999,2023,64
Realme,Pad 2 Lite,466,6,8,8,MediaTek Helio G85,7100,10.4,20999,2023,128
Realme,Pad X,499,4,8,13,Qualcomm Snapdragon 695,8340,0.0,29999,2022,64
Realme,Pad X,499,6,8,13,Qualcomm Snapdragon 695,8340,0.0,33999,2022,128
Realme,Pad Mini,372,3,5,8,Unisoc T616,6400,8.7,15999,2022,32
Realme,Pad Mini,372,4,5,8,Unisoc T616,6400,8.7,17999,2022,64
Realme,Pad Slim,440,4,8,8,MediaTek Helio G80,7100,10.4,19499,2022,64
Realme,Pad Slim,440,6,8,8,MediaTek Helio G80,7100,10.4,21999,2022,128
Realme,TechLife Pad Neo,465,4,8,8,MediaTek Helio G85,7200,10.5,20999,2024,64
Realme,TechLife Pad Neo,465,6,8,8,MediaTek Helio G85,7200,10.5,22999,2024,128
Xiaomi,Xiaomi 15 Pro,210,12,32,50,Snapdragon 8 Elite,6100,6.73,89999,2024,256
Xiaomi,Xiaomi 15 Pro,210,16,32,50,Snapdragon 8 Elite,6100,6.73,99999,2024,512
Xiaomi,Xiaomi 15 Pro,210,16,32,50,Snapdragon 8 Elite,6100,6.73,109999,2024,1024
Xiaomi,Xiaomi 15,190,12,32,50,Snapdragon 8 Elite,5400,6.36,79999,2024,256
Xiaomi,Xiaomi 15,190,16,32,50,Snapdragon 8 Elite,5400,6.36,89999,2024,512
Xiaomi,Xiaomi 14T Pro,209,12,32,50,Dimensity 9300+,5000,6.67,74999,2024,256
Xiaomi,Xiaomi 14T Pro,209,12,32,50,Dimensity 9300+,5000,6.67,84999,2024,512
Xiaomi,Xiaomi 14T Pro,209,12,32,50,Dimensity 9300+,5000,6.67,94999,2024,1024
Xiaomi,Xiaomi 14T,195,12,32,50,Dimensity 8300-Ultra,5000,6.67,69999,2024,256
Xiaomi,Xiaomi 14T,195,12,32,50,Dimensity 8300-Ultra,5000,6.67,79999,2024,512
Xiaomi,Xiaomi 14 Pro,206,12,32,50,Snapdragon 8 Gen 3,5000,6.73,84999,2023,256
Xiaomi,Xiaomi 14 Pro,206,12,32,50,Snapdragon 8 Gen 3,5000,6.73,94999,2023,512
Xiaomi,Xiaomi 14,189,12,32,50,Snapdragon 8 Gen 3,4610,6.36,74999,2023,256
Xiaomi,Xiaomi 14,189,12,32,50,Snapdragon 8 Gen 3,4610,6.36,84999,2023,512
Xiaomi,Redmi Note 14 Pro+ 5G,205,8,16,200,Snapdragon 7s Gen 3,5110,6.67,29999,2024,128
Xiaomi,Redmi Note 14 Pro+ 5G,205,12,16,200,Snapdragon 7s Gen 3,5110,6.67,32999,2024,256
Xiaomi,Redmi Note 14 Pro+ 5G,205,16,16,200,Snapdragon 7s Gen 3,5110,6.67,35999,2024,512
Xiaomi,Redmi Note 14 Pro 5G,195,8,16,108,MediaTek Dimensity 7300-Ultra,5500,6.67,27999,2024,128
Xiaomi,Redmi Note 14 Pro 5G,195,12,16,108,MediaTek Dimensity 7300-Ultra,5500,6.67,30999,2024,256
Xiaomi,Redmi Note 14 Pro 4G,190,6,16,108,Qualcomm Snapdragon 732G,5000,6.67,24999,2024,128
Xiaomi,Redmi Note 14 Pro 4G,190,8,16,108,Qualcomm Snapdragon 732G,5000,6.67,27999,2024,256
Xiaomi,Redmi Note 14 5G,185,6,16,50,MediaTek Dimensity 7025-Ultra,5000,6.67,21999,2024,128
Xiaomi,Redmi Note 14 5G,185,8,16,50,MediaTek Dimensity 7025-Ultra,5000,6.67,24999,2024,256
Xiaomi,Redmi Note 14 4G,180,4,16,50,Qualcomm Snapdragon 680,5000,6.67,18999,2024,128
Xiaomi,Redmi Note 14 4G,180,6,16,50,Qualcomm Snapdragon 680,5000,6.67,21999,2024,256
Xiaomi,Redmi 14C 5G,195,4,8,50,MediaTek Dimensity 700,5000,6.5,14999,2024,64
Xiaomi,Redmi 14C 5G,195,6,8,50,MediaTek Dimensity 700,5000,6.5,16999,2024,128
Lenovo,Legion Y70,209,8,16,50,Snapdragon 8+ Gen 1,5100,6.67,49999,2022,128
Lenovo,Legion Y70,209,12,16,50,Snapdragon 8+ Gen 1,5100,6.67,54999,2022,256
Lenovo,Legion Y70,209,16,16,50,Snapdragon 8+ Gen 1,5100,6.67,59999,2022,512
Lenovo,K14 Plus,198,4,8,48,Unisoc T700,5000,6.5,10999,2022,64
Lenovo,K14 Plus,198,6,8,48,Unisoc T700,5000,6.5,12999,2022,128
Lenovo,K13 Pro,200,6,16,64,Snapdragon 662,5000,6.8,14999,2021,128
Lenovo,K13,190,2,5,13,Unisoc SC9863A,5000,6.52,7499,2021,32
Lenovo,K13 Note,200,4,8,48,Snapdragon 460,5000,6.5,11999,2021,64
Lenovo,K10 Plus,172,4,16,13,Snapdragon 632,4050,6.22,10999,2019,64
Lenovo,A6 Note,172,3,5,13,Helio P22,4000,6.09,9999,2019,32
Lenovo,K10 Note,164,4,16,16,Snapdragon 710,4050,6.3,13999,2019,64
Lenovo,K10 Note,164,6,16,16,Snapdragon 710,4050,6.3,15999,2019,128
Lenovo,Z6 Pro,185,6,32,48,Snapdragon 855,4000,6.39,39999,2019,128
Lenovo,Z6 Pro,185,8,32,48,Snapdragon 855,4000,6.39,44999,2019,256
Lenovo,Z5 Pro,210,6,16,16,Snapdragon 710,3350,6.39,21400,2018,64
Motorola,Edge 50 Fusion,168,8,32,50,Snapdragon 7 Gen 1,5000,6.7,29999,2024,128
Motorola,Edge 50 Fusion,168,12,32,50,Snapdragon 7 Gen 1,5000,6.7,34999,2024,256
Motorola,Edge 50 Pro,186,8,50,50,Snapdragon 7 Gen 3,4500,6.7,34999,2024,128
Motorola,Edge 50 Pro,186,12,50,50,Snapdragon 7 Gen 3,4500,6.7,39999,2024,256
Motorola,Razr,192,8,32,50,Snapdragon 8+ Gen 1,3500,6.7,59999,2023,128
Motorola,Razr,192,12,32,50,Snapdragon 8+ Gen 1,3500,6.7,64999,2023,256
Motorola,G84 5G,166,8,16,50,Snapdragon 695,5000,6.5,19999,2023,128
Motorola,G84 5G,166,12,16,50,Snapdragon 695,5000,6.5,22999,2023,256
Motorola,Moto G Stylus,195,4,16,50,MediaTek Helio G88,5000,6.8,21999,2023,64
Motorola,Moto G Stylus,195,6,16,50,MediaTek Helio G88,5000,6.8,24999,2023,128
Motorola,One Vision 3,180,6,25,48,Exynos 9609,3500,6.3,19999,2024,128
Motorola,One Vision 3,180,8,25,48,Exynos 9609,3500,6.3,22999,2024,256
Motorola,Edge 50 Lite,170,6,32,64,Snapdragon 695,5000,6.7,27999,2024,128
Motorola,Edge 50 Lite,170,8,32,64,Snapdragon 695,5000,6.7,29999,2024,256
Motorola,Moto E40 Plus,198,4,8,48,Unisoc T700,5000,6.5,11999,2023,64
Motorola,Moto E40 Plus,198,6,8,48,Unisoc T700,5000,6.5,13999,2023,128
Motorola,Moto G Power,206,4,16,50,Snapdragon 662,5000,6.6,17999,2022,64
Motorola,Moto G Power,206,6,16,50,Snapdragon 662,5000,6.6,19999,2022,128
Motorola,Moto G Play,203,3,5,13,MediaTek Helio G25,5000,6.5,9999,2022,32
Motorola,Moto G Play,203,4,5,13,MediaTek Helio G25,5000,6.5,11999,2022,64
Motorola,Moto G75 5G,205,8,16,50,Snapdragon 6 Gen 3,5000,6.78,34999,2024,128
Motorola,Moto G75 5G,205,8,16,50,Snapdragon 6 Gen 3,5000,6.78,39999,2024,256
Motorola,Moto S50,190,8,32,64,MediaTek Dimensity 8100,4500,6.7,29999,2024,128
Motorola,Moto S50,190,12,32,64,MediaTek Dimensity 8100,4500,6.7,34999,2024,256
Motorola,Edge 50 Neo,171,8,32,50,MediaTek Dimensity 7300,4310,6.4,39999,2024,256
Motorola,Edge 50 Neo,171,12,32,50,MediaTek Dimensity 7300,4310,6.4,44999,2024,512
Motorola,Moto G55,182,8,16,50,MediaTek Dimensity 7025,5000,6.49,26999,2024,128
Motorola,Moto G55,182,8,16,50,MediaTek Dimensity 7025,5000,6.49,29999,2024,256
Motorola,Moto G35,188,4,16,50,Unisoc T760,5000,6.72,18999,2024,128
Motorola,Moto G35,188,8,16,50,Unisoc T760,5000,6.72,22999,2024,256
Motorola,Moto G45,183,6,16,50,Snapdragon 6s Gen 3,5000,6.5,22999,2024,128
Motorola,Moto G45,183,8,16,50,Snapdragon 6s Gen 3,5000,6.5,26999,2024,256
Motorola,Edge 50,180,8,32,50,Snapdragon 7s Gen 2,4700,6.7,44999,2024,256
Motorola,Edge 50,180,12,32,50,Snapdragon 7s Gen 2,4700,6.7,49999,2024,512
Motorola,Razr 50 Ultra,189,12,32,50,Snapdragon 8+ Gen 1,4000,6.9,99999,2024,512
Motorola,Razr 50,188,8,32,50,Snapdragon 7 Gen 1,3800,6.7,79999,2024,256
Motorola,Moto G85,173,8,32,50,Snapdragon 6s Gen 3,5000,6.67,29999,2024,128
Motorola,Moto G85,173,12,32,50,Snapdragon 6s Gen 3,5000,6.67,34999,2024,256
Motorola,S50 Neo,170,8,32,50,MediaTek Dimensity 7200,4300,6.5,26999,2024,256
Motorola,S50 Neo,170,12,32,50,MediaTek Dimensity 7200,4300,6.5,29999,2024,512
Motorola,Moto E14,180,4,8,13,Unisoc T606,5000,6.5,11999,2024,64
Motorola,Moto E14,180,4,8,13,Unisoc T606,5000,6.5,13999,2024,128
Motorola,Edge,174,8,32,50,Snapdragon 7s Gen 2,4700,6.7,44999,2024,256
Motorola,Edge,174,12,32,50,Snapdragon 7s Gen 2,4700,6.7,49999,2024,512
Motorola,Moto X50 Ultra,198,12,60,200,Snapdragon 8 Gen 3,5000,6.9,119999,2024,512
Motorola,Moto G Stylus 5G,195,6,16,50,Snapdragon 6 Gen 1,5000,6.8,26999,2024,256
Motorola,Moto G Stylus 5G,195,8,16,50,Snapdragon 6 Gen 1,5000,6.8,29999,2024,512
Motorola,Edge 50 Ultra,198,12,60,200,Snapdragon 8 Gen 3,5000,6.9,119999,2024,512
Motorola,Edge 30 Fusion,168,8,32,50,Snapdragon 888+ 5G,4400,6.55,49999,2022,128
Motorola,Edge 30 Fusion,168,12,32,50,Snapdragon 888+ 5G,4400,6.55,54999,2022,256
Motorola,Edge 30 Neo,155,6,32,64,Snapdragon 695 5G,4020,6.28,34999,2022,128
Motorola,Edge 30 Neo,155,8,32,64,Snapdragon 695 5G,4020,6.28,39999,2022,256
Motorola,Moto G82 5G,173,6,16,50,Snapdragon 695 5G,5000,6.6,24999,2022,128
Motorola,Moto G82 5G,173,8,16,50,Snapdragon 695 5G,5000,6.6,29999,2022,256
Motorola,Moto G62 5G,184,4,16,50,Snapdragon 480+ 5G,5000,6.5,19999,2022,128
Motorola,Moto G62 5G,184,6,16,50,Snapdragon 480+ 5G,5000,6.5,24999,2022,256
Motorola,Moto G42,175,4,16,50,Snapdragon 680 4G,5000,6.4,16999,2022,128
Motorola,Moto G32,184,4,16,50,Snapdragon 680 4G,5000,6.5,14999,2022,128
Motorola,Moto E32s,185,3,8,16,MediaTek Helio G37,5000,6.5,11999,2022,64
Motorola,Moto E22i,169,2,5,16,MediaTek Helio G37,4020,6.5,9999,2022,32
Motorola,Moto E22,169,4,5,16,MediaTek Helio G37,4020,6.5,10999,2022,64
Motorola,Moto G22,185,4,16,50,MediaTek Helio G37,5000,6.5,12999,2022,64
Huawei,Mate XT,245,12,13,50,Kirin 9010,5000,7.92,259999,2024,256
Huawei,Mate XT,245,12,13,50,Kirin 9010,5000,7.92,274999,2024,512
Huawei,Nova 13,170,8,50,50,Kirin 9000S,4600,6.7,47999,2024,256
Huawei,Nova 13,170,8,50,50,Kirin 9000S,4600,6.7,54999,2024,512
Huawei,Nova 13 Pro,190,8,60,50,Kirin 9000S,4600,6.78,59999,2024,256
Huawei,Nova 13 Pro,190,8,60,50,Kirin 9000S,4600,6.78,67999,2024,512
Nokia,G42 5G,193,4,8,50,Snapdragon 480+,5000,6.56,18999,2023,128
Nokia,G20,197,4,8,48,MediaTek G35,5050,6.52,12499,2021,64
Nokia,G20,197,4,8,48,MediaTek G35,5050,6.52,13999,2021,128
Nokia,C32,199,3,8,50,Unisoc SC9863A,5000,6.52,9999,2023,64
Nokia,C32,199,4,8,50,Unisoc SC9863A,5000,6.52,10999,2023,128
Nokia,G21,190,4,8,50,Unisoc T606,5050,6.5,11999,2022,64
Nokia,G21,190,6,8,50,Unisoc T606,5050,6.5,13999,2022,128
Nokia,C22,190,2,8,13,Unisoc SC9863A,5000,6.5,8499,2023,64
Nokia,C22,190,3,8,13,Unisoc SC9863A,5000,6.5,9499,2023,128
Nokia,G400,198,6,16,48,Snapdragon 480,5000,6.58,22999,2022,128
Sony,Xperia 1 IV,185,12,12,12,Snapdragon 8 Gen 1,5000,6.5,119999,2022,256
Sony,Xperia 5 IV,172,8,12,12,Snapdragon 8 Gen 1,5000,6.1,89999,2022,128
Sony,Xperia 10 IV,161,6,8,12,Snapdragon 695,5000,6.0,49999,2022,128
Sony,Xperia 1 V,187,12,12,48,Snapdragon 8 Gen 2,5000,6.5,124999,2023,256
Sony,Xperia 5 V,178,8,12,48,Snapdragon 8 Gen 2,5000,6.1,94999,2023,128
Sony,Xperia 10 V,164,6,8,48,Snapdragon 695,5000,6.1,54999,2023,128
Sony,Xperia 1 VI,190,12,12,48,Snapdragon 8 Gen 3,5000,6.5,129999,2024,256
Sony,Xperia 5 VI,180,8,12,48,Snapdragon 8 Gen 3,5000,6.1,99999,2024,128
Sony,Xperia 10 VI,167,6,8,48,Snapdragon 7 Gen 1,5000,6.1,59999,2024,128
Huawei,MatePad Pro 12.2,508,12,16,13,Kirin 9000S,10100,12.2,49990,2024,512
Huawei,MatePad Pro 13.2,580,12,16,13,Kirin 9000S,10100,13.2,58590,2024,512
Google,Pixel 3a,147,4,8,12,Snapdragon 670,3000,5.6,39999,2019,64
Google,Pixel 3a XL,167,4,8,12,Snapdragon 670,3700,6.0,44999,2019,64
Google,Pixel 4,162,6,8,12,Snapdragon 855,2800,5.7,59999,2019,64
Google,Pixel 4 XL,193,6,8,12,Snapdragon 855,3700,6.3,69999,2019,64
Google,Pixel 4a,143,6,8,12,Snapdragon 730G,3140,5.8,31999,2020,128
Google,Pixel 4a 5G,168,6,8,12,Snapdragon 765G,3885,6.2,37999,2020,128
Google,Pixel 5,151,8,8,12,Snapdragon 765G,4080,6.0,49999,2020,128
Google,Pixel 5a,183,6,8,12,Snapdragon 765G,4680,6.34,42999,2021,128
Google,Pixel 6,207,8,8,50,Google Tensor,4614,6.4,59999,2021,128
Google,Pixel 6 Pro,210,12,11,50,Google Tensor,5003,6.71,79999,2021,256
Google,Pixel 6a,178,6,8,12,Google Tensor,4410,6.1,43999,2022,128
Google,Pixel 7,197,8,10,50,Google Tensor G2,4355,6.3,64999,2022,128
Google,Pixel 7 Pro,212,12,10,50,Google Tensor G2,5000,6.7,89999,2022,256
Google,Pixel 7a,193,8,10,64,Google Tensor G2,4385,6.1,44999,2023,128
Google,Pixel 8,187,8,10,50,Google Tensor G3,4575,6.2,69999,2023,128
Google,Pixel 8 Pro,213,12,10,50,Google Tensor G3,5050,6.7,99999,2023,256
Google,Pixel 8a,194,8,10,64,Google Tensor G3,4385,6.1,49999,2024,128
Google,Pixel 9,195,8,10,50,Google Tensor G4,4600,6.3,74999,2024,128
Google,Pixel 9 Pro,216,12,10,50,Google Tensor G4,5050,6.7,109999,2024,256
Google,Pixel 9 Pro XL,222,16,10,50,Google Tensor G4,5250,6.8,129999,2024,512
Google,Pixel 9 Pro Fold,250,16,10,50,Google Tensor G4,5500,7.6,179999,2024,512
Tecno,Spark Go 1S,190,4,8,13,MediaTek Helio A22,5000,6.6,9999,2024,64
Tecno,Megapad 11,450,8,13,50,MediaTek G99,8000,0.0,29999,2024,256
Tecno,Pop 9 4G,195,3,5,8,Unisoc SC9863A,5000,6.52,7499,2024,64
Tecno,Megapad,420,6,12,50,MediaTek Helio G80,7500,10.9,24999,2024,128
Tecno,Camon 30S,198,8,32,50,MediaTek Dimensity 810,5200,6.8,39999,2024,256
Tecno,Spark 30C 5G,200,6,16,50,MediaTek Dimensity 6100+,5000,6.6,14999,2024,128
Tecno,Spark 30 5G,195,6,16,50,MediaTek Dimensity 6020,5000,6.6,16999,2024,128
Tecno,Pop 9,190,3,5,8,Unisoc SC9832E,5000,6.52,6999,2024,64
Tecno,Spark 30 Pro,205,8,32,50,MediaTek Helio G99,5200,6.8,19999,2024,256
Tecno,Spark 30,192,4,16,50,MediaTek Helio G85,5000,6.6,12999,2024,128
Tecno,Phantom V Fold2,280,12,32,64,MediaTek Dimensity 9200+,5500,7.85,169999,2024,512
Tecno,Phantom V Flip2,195,8,32,50,MediaTek Dimensity 8050,4300,6.9,79999,2024,256
Tecno,Pova 6 Neo 5G,225,8,16,50,MediaTek Dimensity 810,6000,6.8,29999,2024,256
Tecno,Spark 30C,190,4,16,50,MediaTek Helio G85,5000,6.6,11999,2024,128
Tecno,Spark Go 1,195,3,5,8,Unisoc SC9863A,5000,6.52,7499,2024,64
Tecno,Camon 30S Pro,202,12,50,108,MediaTek Dimensity 9200,5200,6.9,79999,2024,512
Tecno,Spark 20P,195,4,16,50,MediaTek Helio G85,5000,6.6,13999,2024,128
Tecno,Spark 20 Pro 5G,210,8,32,50,MediaTek Dimensity 810,5200,6.8,24999,2024,256
Tecno,Pova 6 Neo,230,8,16,50,MediaTek Helio G99,6000,6.8,22999,2024,256
Tecno,Camon 30 Premier,210,12,50,108,MediaTek Dimensity 9200,5200,6.9,89999,2024,512
Tecno,Camon 30 Pro,205,12,50,64,MediaTek Dimensity 8200,5200,6.8,64999,2024,512
Tecno,Camon 30 5G,198,8,32,50,MediaTek Dimensity 810,5000,6.7,39999,2024,256
Tecno,Camon 30,195,6,32,50,MediaTek Helio G99,5000,6.7,29999,2024,128
Tecno,Pova 6 Pro,230,12,32,64,MediaTek Dimensity 8100,6000,6.9,79999,2024,512
Tecno,Spark 20 Pro+,210,8,32,50,MediaTek Helio G99,5200,6.8,19999,2024,256
Tecno,Spark 20 Pro,195,6,16,50,MediaTek Helio G85,5000,6.6,14999,2024,128
Tecno,Spark 20,192,4,16,50,MediaTek Helio G85,5000,6.6,12999,2024,128
Tecno,Spark 20C,190,4,16,50,MediaTek Helio G85,5000,6.6,11999,2024,128
Tecno,Spark Go 2024,195,3,5,8,Unisoc SC9863A,5000,6.52,7499,2024,64
Tecno,Pop 8,195,3,5,8,Unisoc SC9832E,5000,6.52,6999,2024,64
Tecno,Camon 20s Pro 5G,202,12,50,108,MediaTek Dimensity 9200,5200,6.9,79999,2024,512
Tecno,Camon 20s Pro,202,12,50,108,MediaTek Dimensity 810,5200,6.9,59999,2024,256
Tecno,Camon 20s,200,8,32,50,MediaTek Helio G99,5000,6.7,34999,2024,256
Tecno,Camon 20 Premier,205,12,50,108,MediaTek Dimensity 8200,5200,6.8,74999,2024,512
Tecno,Camon 20 Pro 5G,200,8,32,50,MediaTek Dimensity 810,5000,6.7,39999,2024,256
Tecno,Camon 20 Pro,198,6,32,50,MediaTek Helio G99,5000,6.7,29999,2024,128
Tecno,Camon 20,195,6,32,50,MediaTek Helio G99,5000,6.7,29999,2024,128
Tecno,Pova 5G,240,8,32,50,MediaTek Dimensity 900,6000,6.9,54999,2024,512
Tecno,Pova 5,230,8,16,50,MediaTek Helio G99,6000,6.8,24999,2024,256
Infinix,Hot 30,196,8,8,50,MediaTek Helio G88,5000,6.78,12499,2023,128
Infinix,Hot 30i,191,4,8,13,Unisoc T606,5000,6.6,10999,2023,128
Infinix,Hot 30i NFC,191,4,8,13,Unisoc T606,5000,6.6,11499,2023,128
Infinix,Hot 30 Play,205,4,8,16,MediaTek Helio G37,6000,6.82,11999,2023,128
Infinix,Hot 30 5G,202,8,8,50,MediaTek Dimensity 810,5000,6.78,17999,2023,128
Infinix,Zero 30,185,8,50,108,MediaTek Dimensity 8020,5000,6.78,26999,2023,256
Infinix,Zero 30 5G,185,12,50,108,MediaTek Dimensity 8020,5000,6.78,29999,2023,256
Infinix,GT 10 Pro,187,8,32,108,MediaTek Dimensity 8050,5000,6.67,32999,2023,256
Infinix,Hot 12,195,6,8,13,MediaTek Helio G85,5000,6.82,11499,2022,128
Infinix,Hot 12 Play,209,4,8,13,Unisoc T610,6000,6.82,10499,2022,128
Infinix,Hot 12 Pro,191,8,8,50,Unisoc T616,5000,6.6,12999,2022,128
Infinix,Hot 12i,190,4,8,13,MediaTek Helio A22,5000,6.6,9999,2022,64
Infinix,Hot 20,198,6,8,50,MediaTek Helio G85,5000,6.82,12999,2022,128
Infinix,Hot 20 Play,209,4,8,13,MediaTek Helio G37,6000,6.82,10999,2022,128
Infinix,Hot 20s,202,8,8,50,MediaTek Helio G96,5000,6.78,14999,2022,128
Infinix,Hot 20 5G,204,6,8,50,MediaTek Dimensity 810,5000,6.6,16999,2022,128
Infinix,Hot 20i,195,4,8,13,MediaTek Helio G25,5000,6.6,9499,2022,64
Infinix,Hot 10T,205,4,8,48,MediaTek Helio G70,5000,6.82,10499,2021,128
Infinix,Hot 10S,211,6,8,48,MediaTek Helio G85,6000,6.82,11999,2021,128
Infinix,Hot 10S NFC,211,6,8,48,MediaTek Helio G85,6000,6.82,12499,2021,128
Infinix,Hot 10 Lite,195,3,8,13,MediaTek Helio A25,5000,6.6,7999,2020,64
Infinix,Hot 10 Play,207,4,8,13,MediaTek Helio G25,6000,6.82,9499,2021,64
Infinix,Hot 11,201,4,8,13,MediaTek Helio G70,5200,6.6,10999,2021,128
Infinix,Hot 11 Play,209,4,8,13,MediaTek Helio G35,6000,6.82,11499,2021,128
Infinix,Hot 11s,205,6,8,50,MediaTek Helio G88,5000,6.78,12999,2021,128
Infinix,Smart HD,195,2,5,8,MediaTek Helio A20,5000,6.1,5999,2020,32
Infinix,Note 8i,210,6,8,48,MediaTek Helio G80,5200,6.78,12999,2020,128
Infinix,Hot 10 Lite,195,3,8,13,MediaTek Helio A25,5000,6.6,7999,2020,64
Infinix,Note 8,210,6,16,64,MediaTek Helio G80,5200,6.95,15999,2020,128
Infinix,Zero 8i,210,8,16,48,MediaTek Helio G90T,4500,6.85,17999,2020,128
Infinix,Hot 10,204,4,8,16,MediaTek Helio G70,5200,6.78,10999,2020,128
Infinix,Zero 8,205,8,48,64,MediaTek Helio G90T,4500,6.85,19999,2020,128
Infinix,Smart 5,195,3,8,13,MediaTek Helio A20,5000,6.6,7499,2020,64
POCO,F2 Pro,219,6,20,64,Snapdragon 865,4700,6.67,37999,2020,128
POCO,M2 Pro,209,4,16,48,Snapdragon 720G,5000,6.67,13999,2020,64
POCO,X3 NFC,215,6,20,64,Snapdragon 732G,5160,6.67,16999,2020,128
POCO,M3,198,4,8,48,Snapdragon 662,6000,6.53,10999,2020,64
POCO,F3,196,6,20,48,Snapdragon 870,4520,6.67,29999,2021,128
POCO,X3 Pro,215,6,20,48,Snapdragon 860,5160,6.67,18999,2021,128
POCO,M3 Pro 5G,190,4,8,48,MediaTek Dimensity 700,5000,6.5,13999,2021,64
POCO,F3 GT,205,6,16,64,MediaTek Dimensity 1200,5065,6.67,25999,2021,128
POCO,X3 GT,193,6,16,64,MediaTek Dimensity 1100,5000,6.6,21999,2021,128
POCO,M4 Pro 5G,195,4,16,50,MediaTek Dimensity 810,5000,6.6,14999,2021,128
POCO,F4,195,6,20,64,Snapdragon 870,4500,6.67,27999,2022,128
POCO,F4 GT,210,8,20,64,Snapdragon 8 Gen 1,4700,6.67,39999,2022,128
POCO,X4 Pro 5G,205,6,16,108,Snapdragon 695,5000,6.67,18999,2022,128
POCO,M4 Pro,179,6,16,64,MediaTek Helio G96,5000,6.43,14999,2022,128
POCO,M5,201,4,5,50,MediaTek Helio G99,5000,6.58,12499,2022,128
POCO,M5s,178,4,13,64,MediaTek Helio G95,5000,6.43,13999,2022,128
POCO,F5,181,6,16,64,Snapdragon 7+ Gen 2,5000,6.67,29999,2023,128
POCO,F5 Pro,204,8,20,64,Snapdragon 8+ Gen 1,5160,6.67,39999,2023,256
POCO,X5,189,6,13,48,Snapdragon 695,5000,6.67,18999,2023,128
POCO,X5 Pro,181,6,16,108,Snapdragon 778G,5000,6.67,22999,2023,128
POCO,M6,199,4,8,50,MediaTek Helio G88,5000,6.58,12999,2023,64
POCO,M6 Pro,202,6,8,50,Snapdragon 4 Gen 1,5000,6.79,14999,2023,128
POCO,X6,193,6,16,64,MediaTek Dimensity 8100,5000,6.67,21999,2024,128
POCO,X6 Pro,205,8,20,108,MediaTek Dimensity 8300,5000,6.67,24999,2024,256
POCO,F6,190,6,20,64,Snapdragon 8 Gen 2,5000,6.67,34999,2024,128
POCO,F6 Pro,210,8,20,108,Snapdragon 8+ Gen 2,5160,6.67,44999,2024,256
POCO,C65,190,4,5,50,MediaTek Helio G85,5000,6.5,10999,2024,64
POCO,X7,195,6,16,64,MediaTek Dimensity 8200,5000,6.67,22999,2025,128
POCO,X7 Pro,207,8,20,108,MediaTek Dimensity 8400,6000,6.67,27999,2025,256
POCO,M7 5G,198,6,8,50,MediaTek Dimensity 7025,5110,6.67,15999,2024,128
Poco,Pad 5G,571,8,8,8,Snapdragon 7s Gen 2,10000,12.1,23999,2024,128
Poco,Pad 5G,571,8,8,8,Snapdragon 7s Gen 2,10000,12.1,25999,2024,256
Samsung,Galaxy Z Fold6,239,12,10,50,Snapdragon 8 Gen 3,4400,7.6,164999,2024,256
Samsung,Galaxy Z Fold6,239,12,10,50,Snapdragon 8 Gen 3,4400,7.6,176999,2024,512
Samsung,Galaxy Z Fold6,239,12,10,50,Snapdragon 8 Gen 3,4400,7.6,200999,2024,1024
